"","Country","(ES$Country %in% countries_1985_05)","AQ","CSEQ","CSTORE","REC","WQ","WA","LIVE","CROP","Dev","MEAN","avg_gini","avg_gini2","Data.Quality","HDI","Per.Capita.GDP","Region","Income.Group","Population..millions.","Cropland.Footprint","Grazing.Footprint","Forest.Product.Footprint","Carbon.Footprint","Fish.Footprint","Built.up.land","Total.Ecological.Footprint","gini_change","(palma$Country %in% countries_1985_05)_90","Approximate.year_90","Survey.year_90","Survey.type_90","Palma.ratio_90","Share.of.richest.10._90","Share.of.poorest.40._90","Share.of..middle..50._90","Gini.index_90","(palma$Country %in% countries_1985_05)_2012","Approximate.year_2012","Survey.year_2012","Survey.type_2012","Palma.ratio_2012","Share.of.richest.10._2012","Share.of.poorest.40._2012","Share.of..middle..50._2012","Gini.index_2012","palma_change"
"1","Armenia",TRUE,0.00386137,-76.2917,108.943,17.2042,0.0039424,99.7908,14.748,0.863905,"Rest of World",0.0039424,38.9378925094604,27.7424795055389,"3B",0.727811,3426.39,"Middle East/Central Asia","LM",2.97,0.74,0.18,0.34,0.89,0.01,0.07,2.23,11.1954130039215,TRUE,1990,1996,"I",2.360589812,35.22,14.92,49.88,44.42,TRUE,2012,2012,"C",1.150393336,24.86,21.61,53.52,30.48,-1.210196476
"2","Australia",TRUE,0.00331551,-183.398,79.7474,14.12,0.000966308,7.11269,3.08753,1.045809,"Most Developed",0.000966308,31.0735954284668,30.2357955913544,"5",0.93219,66604.2,"Asia-Pacific","HI",23.05,2.68,0.63,0.89,4.85,0.11,0.14,9.31,0.837799837112424,TRUE,1990,1989,"I",1.258278146,24.7,19.63,55.68,33.15,TRUE,2012,2010,"I",1.402219873,26.53,18.92,54.56,34.94,0.143941727
"3","Austria",TRUE,0.0139509,147.454,124.405,15.4582,0.02033,152.198,20.9333,1.959381,"Most Developed",0.02033,26.8548175354004,25.466297938029,"5",0.883921,51274.1,"EU-27","HI",8.46,0.82,0.27,0.63,4.14,0.06,0.15,6.06,1.38851959737142,TRUE,1990,2004,"I",1.097516099,23.86,21.74,54.4,29.87,TRUE,2012,2012,"I",1.112956811,23.45,21.07,55.47,30.48,0.0154407120000002
"4","Azerbaijan",TRUE,0.00510696,-123.845,90.0692,13.4842,0.0029026,39.8061,19.4224,1.331342,"Rest of World",0.0029026,29.8223648452759,31.0575234260559,"6",0.745053,7106.04,"Middle East/Central Asia","UM",9.31,0.66,0.22,0.11,1.25,0.01,0.06,2.31,-1.23515858078003,TRUE,1990,1995,"C",1.400837258,26.77,19.11,54.12,34.65,TRUE,2012,2005,"C",0.58481693,17.41,29.77,52.8,16.64,-0.816020328
"5","Belarus",TRUE,0.00776775,116.128,254.002,14.5247,0.00405603,56.1201,14.6844,2.32424,"Rest of World",0.00405603,22.9584816684723,23.6601367664337,"6",0.796129,6300.45,"Other Europe","UM",9.4,1.32,0.12,0.91,2.57,0.08,0.09,5.09,-0.701655097961428,TRUE,1990,1988,"I",0.757097792,19.2,25.36,55.43,22.76,TRUE,2012,2012,"C",0.905803196,21.54,23.78,54.68,26.01,0.148705404
"6","Belgium",TRUE,0.0571336,220.119,110.622,15.7609,0.00335412,377.854,86.3099,2.033246,"Most Developed",0.00335412,26.4724324378967,23.6931091213226,"6",0.888567,48053.3,"EU-27","HI",11.06,1.15,0.48,0.99,4.43,0.12,0.27,7.44,2.7793233165741,TRUE,1990,2004,"I",1.154800184,25.14,21.77,53.09,30.63,TRUE,2012,2012,"I",0.964003512,21.96,22.78,55.26,27.59,-0.190796672
"7","Bolivia",TRUE,0.00391944,332.029,170.536,15.8658,0.00129596,10.5542,5.30574,0.082408,"Rest of World",0.00129596,54.5734977264404,47.4198560060774,"5",0.653591,2253.09,"Latin America","LM",10.5,0.37,1.69,0.17,0.67,0.01,0.06,2.96,7.15364172036307,TRUE,1990,1990.5,"I",2.077225131,31.74,15.28,52.98,42.04,TRUE,2012,2012,"I",2.743254293,33.55,12.23,54.22,46.7,0.666029162
"8","Bosnia and Herzegovina",TRUE,0.0127188,125.931,91.9662,12.0695,0.0121536,81.3678,9.68324,0.909743,"Rest of World",0.0121536,30.6489715747833,30.3263576507568,"5",0.725661,4708.85,"Other Europe","UM",3.83,0.63,0.27,0.44,1.74,0.02,0.02,3.12,0.322613924026488,TRUE,1990,2001,"C",1.081165919,24.11,22.3,53.59,29.3,TRUE,2012,2007,"C",1.271667511,25.09,19.73,55.19,33.04,0.190501592
"9","Botswana",TRUE,0.00313331,52.0035,70.6467,16.9719,0.000368937,4.00522,2.36043,0.002740316,"Rest of World",0.000368937,50.646291267395,52.7349047737122,"3B",0.69136,7743.5,"Africa","UM",2,0.3,0.89,0.24,2.36,0.01,0.02,3.83,-2.08861350631714,TRUE,1990,1993.33,"C",5.746352413,51.2,8.91,39.9,60.79,TRUE,2012,2009.25,"C",5.815943728,49.61,8.53,41.86,60.46,0.0695913149999994
"10","Brazil",TRUE,0.00572113,151.168,188.801,16.4944,0.00206279,21.7067,16.3662,1.192973,"Rest of World",0.00206279,50.323057434082,51.5915873756409,"5",0.746488,13237.6,"Latin America","UM",198.66,0.62,0.85,0.6,0.91,0.04,0.09,3.11,-1.26852994155884,TRUE,1990,1990,"I",6.170731707,48.07,7.79,44.15,60.49,TRUE,2012,2012,"I",3.777878513,41.67,11.03,47.29,52.67,-2.392853194
"11","Bulgaria",TRUE,0.0126771,9.73365,104.691,20.4245,0.00403249,73.5571,5.69666,6.423337,"Rest of World",0.00403249,27.8312956542969,22.279492061615,"5",0.778056,7615.28,"EU-27","UM",7.28,0.6,0.13,0.35,2.08,0.03,0.13,3.32,5.55180359268188,TRUE,1990,1989,"C",0.795156808,20.03,25.19,54.77,23.43,TRUE,2012,2012,"I",1.491285403,27.38,18.36,54.26,36.01,0.696128595
"12","Burkina Faso",TRUE,0.00255482,-345.671,69.9819,14.2443,0.0074653,66.3651,20.4781,1.543207,"Least Developed",0.0074653,46.8105342178345,43.3814295578003,"5",0.392513,671.065,"Africa","LI",16.46,0.47,0.17,0.36,0.12,0.03,0.05,1.21,3.42910466003418,TRUE,1990,1994.25,"C",2.779577465,39.47,14.2,46.35,48.07,TRUE,2012,2009,"C",1.843013226,32.05,17.39,50.57,39.76,-0.936564239
"13","Burundi",TRUE,0.00570319,29.7026,198.963,14.2985,0.0484618,310.181,11.2695,9.44544,"Least Developed",0.0484618,36.0126210422516,34.1234074258804,"4",0.394528,276.688,"Africa","LI",9.85,0.21,0.07,0.45,0.04,0,0.03,0.8,1.88921361637116,TRUE,1990,1992,"C",1.327009486,26.58,20.03,53.4,33.33,TRUE,2012,2006,"C",1.341486811,27.97,20.85,51.19,33.36,0.0144773250000001
"14","Canada",TRUE,0.00136613,-55.8055,188.914,12.495,0.000489483,2.61297,0.86114,0.894337,"Most Developed",0.000489483,31.0453776988983,27.9483615474701,"5",0.910431,52145.4,"North America","HI",34.84,1.46,0.33,1.2,5,0.12,0.07,8.17,3.09701615142822,TRUE,1990,1991,"I",1.142995169,23.66,20.7,55.65,31.15,TRUE,2012,2010,"I",1.32067727,25.74,19.49,54.77,33.68,0.177682101
"15","Central African Republic",TRUE,0.00382954,-243.747,183.344,14.8178,0.00384453,12.1799,3.82706,0.03360305,"Least Developed",0.00384453,45.8895608520508,52.3228146934509,"6",0.372625,495.035,"Africa","LI",4.53,0.3,0.55,0.26,0.08,0.02,0.04,1.24,-6.43325384140014,TRUE,1990,1992.43,"C",6.897398844,47.73,6.92,45.33,61.33,TRUE,2012,2008,"C",4.478682171,46.22,10.32,43.46,56.24,-2.418716673
"16","Chile",TRUE,0.0047181,71.2859,182.882,17.4745,0.00389544,26.3776,4.03065,0.1121266,"Rest of World",0.00389544,50.8516289825439,50.3855171318054,"6",0.826742,14525.8,"Latin America","UM",17.46,0.61,0.33,0.99,2.04,0.25,0.15,4.36,0.466111850738521,TRUE,1990,1990,"I",4.742943548,47.05,9.92,43.03,57.25,TRUE,2012,2013,"I",3.209752322,41.47,12.92,45.6,50.45,-1.533191226
"17","China",TRUE,0.0109831,-88.8894,78.7324,13.3317,0.0153077,184.648,15.1999,3.868439,"Rest of World",0.0153077,44.4225195007324,35.6232819042206,"6",0.718034,5560.94,"Asia-Pacific","UM",1408.04,0.55,0.13,0.19,2.32,0.08,0.12,3.38,8.79923759651184,TRUE,1990,1990,"C",1.251609708,25.27,20.19,54.54,32.43,TRUE,2012,2010,"C",2.080499653,29.98,14.41,55.62,42.06,0.828889945
"18","Colombia",TRUE,0.00750891,11.1293,288.715,12.9737,0.00510692,41.982,14.8886,0.1014252,"Rest of World",0.00510692,51.3336622505188,50.1790508270264,"6",0.715045,7305.22,"Latin America","UM",47.7,0.35,0.58,0.16,0.67,0.03,0.09,1.87,1.15461142349243,TRUE,1990,1992,"I",3.464041096,40.46,11.68,47.87,51.45,TRUE,2012,2012,"I",3.968809074,41.99,10.58,47.45,53.54,0.504767978
"19","Costa Rica",TRUE,0.015729,145.187,339.171,15.2635,0.0135326,90.8393,14.694,0.480439,"Rest of World",0.0135326,43.9012564659119,41.1678594245911,"5",0.760762,8979.96,"Latin America","UM",4.8,0.4,0.21,0.68,1.37,0.08,0.1,2.84,2.7333970413208,TRUE,1990,1990,"I",2.488687783,33,13.26,53.73,45.3,TRUE,2012,2012,"I",2.945151033,37.05,12.58,50.38,48.61,0.45646325
"20","Croatia",TRUE,0.0138203,97.3833,82.4005,19.5676,0.00724198,51.8105,10.1998,1.641482,"Rest of World",0.00724198,28.248616104126,29.3629636001587,"6",0.816563,14522.8,"Other Europe","HI",4.31,0.74,0.13,0.72,2.21,0.06,0.06,3.92,-1.11434749603271,TRUE,1990,1988,"I",0.764613574,19.49,25.49,55.03,22.78,TRUE,2012,2011,"I",1.190428212,23.63,19.85,56.52,31.98,0.425814638
"21","Czech Republic",TRUE,0.0218879,137.132,104.982,16.334,0.0102593,204.64,16.6481,5.159171,"Most Developed",0.0102593,25.4622846221924,21.1194203472137,"5",0.866594,21676.3,"EU-27","HI",10.66,0.62,0.24,0.74,3.42,0.03,0.13,5.19,4.34286427497864,TRUE,1990,1988,"I",0.647764449,17.82,27.51,54.67,19.4,TRUE,2012,2012,"I",0.921063565,22.17,24.07,53.77,26.13,0.273299116
"22","Denmark",TRUE,0.0307302,219.872,126.311,14.2709,0.00326624,102.169,62.7514,6.67108,"Most Developed",0.00326624,22.5909001312256,24.5161006374359,"5",0.921084,61413.6,"EU-27","HI",5.6,1.18,0.47,0.77,2.6,0.24,0.25,5.51,-1.92520050621033,TRUE,1990,2004,"I",0.87300922,20.83,23.86,55.31,25.89,TRUE,2012,2012,"I",1.042647712,23.47,22.51,54.02,29.08,0.169638492
"23","Djibouti",TRUE,0.000765225,-117.551,12.4112,13.8665,0.00223,110.366,9.63742,0,"Least Developed",0.00223,37.7693980503082,34.1421395301819,"2",0.464584,1433.17,"Africa","LM",0.86,NA,NA,NA,NA,NA,NA,2.19,3.62725852012634,TRUE,1990,2002,"C",1.854731766,30.77,16.59,52.63,40,TRUE,2012,2012,"C",2.449430199,34.39,14.04,51.58,45.13,0.594698433
"24","Dominican Republic",TRUE,0.0178837,179.969,136.508,16.8893,0.0130474,200.211,32.3152,1.295903,"Rest of World",0.0130474,48.262213809967,46.5117013778687,"6",0.707893,6085.89,"Latin America","UM",10.28,0.35,0.12,0.12,0.86,0.04,0.05,1.53,1.75051243209839,TRUE,1990,1989,"I",3.295529801,39.81,12.08,48.11,50.46,TRUE,2012,2012,"I",2.521156559,35.75,14.18,50.07,45.68,-0.774373242
"25","Ecuador",TRUE,0.00732976,246.764,277.568,14.3646,0.00564807,57.0895,13.8346,0.970641,"Rest of World",0.00564807,51.0165534286499,48.7358183860779,"5",0.726839,5192.88,"Latin America","UM",15.49,0.3,0.3,0.24,1.08,0.18,0.06,2.17,2.28073504257202,TRUE,1990,1987,"I",3.389770723,38.44,11.34,50.2,50.49,TRUE,2012,2012,"I",2.659654395,35.4,13.31,51.28,46.57,-0.730116328
"26","El Salvador",TRUE,0.0202724,494.996,187.156,15.6183,0.0235443,261.81,43.6432,9.00406,"Rest of World",0.0235443,46.7215280532837,44.4902519825527,"5",0.662375,3696.33,"Latin America","LM",6.3,0.44,0.21,0.4,0.84,0.14,0.05,2.07,2.23127607073103,TRUE,1990,1991,"I",4.139,41.39,10,48.61,53.95,TRUE,2012,2012,"I",2.04599874,32.47,15.87,51.65,41.8,-2.09300126
"27","Estonia",TRUE,0.0120376,85.667,280.154,17.6855,0.0018466,29.3983,4.69536,0.632354,"Rest of World",0.0018466,35.3828330307007,27.9479859199524,"3T",0.854625,17304.4,"EU-27","HI",1.29,NA,NA,NA,NA,NA,NA,6.86,7.43484711074829,TRUE,1990,1988,"I",0.742937853,18.41,24.78,56.8,22.97,TRUE,2012,2012,"I",1.260609086,25.25,20.03,54.73,33.15,0.517671233
"28","Ethiopia",TRUE,0.00363014,-91.8733,74.8054,14.8166,0.0197002,122.256,24.9271,1.181968,"Least Developed",0.0197002,30.4780756568909,39.1958428192139,"6",0.429436,379.381,"Africa","LI",91.73,0.31,0.12,0.46,0.07,0,0.06,1.02,-8.717767162323,TRUE,1990,1995,"C",2.341538462,38.05,16.25,45.7,44.56,TRUE,2012,2010.5,"C",1.32751938,27.4,20.64,51.95,33.17,-1.014019082
"29","Fiji",TRUE,0.000482571,93.4977,200.008,14.2026,0.0126452,43.7169,8.95268,0.311628,"Rest of World",0.0126452,37.2400040435791,39.6310178451538,"5",0.721959,4201.37,"Asia-Pacific","UM",0.88,0.55,0.2,0.42,1.06,0.62,0.04,2.9,-2.39101380157471,TRUE,1990,2002.5,"C",1.816459443,30.68,16.89,52.43,39.62,TRUE,2012,2008.5,"C",2.135551448,34.66,16.23,49.11,42.78,0.319092005
"30","Finland",TRUE,0.00431494,11.6148,438.16,17.4613,0.00305262,15.381,4.47476,0.1348957,"Most Developed",0.00305262,24.5289469051361,20.9310586738586,"3T",0.881737,50960.2,"EU-27","HI",5.41,NA,NA,NA,NA,NA,NA,5.87,3.59788823127747,TRUE,1990,2004,"I",1.001724138,23.24,23.2,53.56,27.92,TRUE,2012,2012,"I",0.952564103,22.29,23.4,54.31,27.12,-0.0491600349999999
"31","France",TRUE,0.0221956,237.244,103.553,15.5413,0.00901805,124.87,27.6352,6.023168,"Most Developed",0.00901805,28.0244610767365,28.4520574678694,"6",0.885878,45430.3,"EU-27","HI",63.98,1.23,0.27,0.53,2.71,0.19,0.21,5.14,-0.427596391132901,TRUE,1990,2004,"I",1.153809972,24.53,21.26,54.21,30.8,TRUE,2012,2012,"I",1.314397649,26.84,20.42,52.73,33.1,0.160587677
"32","Gambia",TRUE,0.00368642,-83.2807,90.8565,12.6674,0.00426943,25.0493,22.9304,5.056549,"Least Developed",0.00426943,44.9892555332184,39.9500429821014,"5",0.440201,505.761,"Africa","LI",1.79,0.46,0.05,0.2,0.21,0.08,0.03,1.03,5.03921255111695,TRUE,1990,1998,"C",2.737777778,36.96,13.5,49.56,47.56,TRUE,2012,2003.29,"C",2.741815476,36.85,13.44,49.71,47.33,0.00403769800000031
"33","Georgia",TRUE,0.00399482,-5.92464,100.901,13.9324,0.0139894,90.5843,12.146,0.39266,"Rest of World",0.0139894,40.3354590644836,30.6137919864655,"3B",0.747002,3710.7,"Middle East/Central Asia","LM",4.36,0.39,0.2,0.1,0.83,0.02,0.04,1.58,9.72166707801819,TRUE,1990,1996,"C",1.597826087,27.93,17.48,54.59,37.13,TRUE,2012,2012,"C",1.992903226,30.89,15.5,53.61,41.35,0.395077139
"34","Germany",TRUE,0.0328238,151.182,151.013,20.4457,0.00672808,208.717,34.0656,4.754969,"Most Developed",0.00672808,27.2827463989258,26.5513164901733,"5",0.914763,46822.4,"EU-27","HI",82.8,1.1,0.14,0.48,3.28,0.05,0.24,5.3,0.731429908752439,TRUE,1990,2006,"I",1.257905138,25.46,20.24,54.31,32.78,TRUE,2012,2011,"I",1.102373197,23.69,21.49,54.83,30.13,-0.155531941
"35","Ghana",TRUE,0.005499,-346.893,158.585,16.0277,0.00559459,87.6781,4.61538,3.76201,"Rest of World",0.00559459,37.7405696544647,35.2479458003574,"6",0.571864,1627.9,"Africa","LM",25.37,0.56,0.07,0.65,0.43,0.19,0.07,1.97,2.49262385410733,TRUE,1990,1991.73,"C",1.717787913,30.13,17.54,52.33,38.44,TRUE,2012,2005.67,"C",2.160608063,32.69,15.13,52.17,42.77,0.44282015
"36","Greece",TRUE,0.0135043,-56.7943,89.4494,18.4088,0.00380404,68.8396,6.37622,4.22946,"Most Developed",0.00380404,34.0576642780304,33.799116142273,"5",0.864588,25987.4,"EU-27","HI",11.12,1.07,0.35,0.24,2.58,0.08,0.06,4.38,0.258548135757444,TRUE,1990,2004,"I",1.34067086,25.58,19.08,55.32,33.97,TRUE,2012,2012,"I",1.552845528,26.74,17.22,56.04,36.68,0.212174668
"37","Guatemala",TRUE,0.0103186,381.92,226.93,16.5469,0.0169237,150.566,19.7545,1.772824,"Rest of World",0.0169237,49.2039603691101,51.2871799723307,"5",0.623908,3233.8,"Latin America","LM",15.08,0.37,0.16,0.58,0.7,0.01,0.07,1.89,-2.08321960322062,TRUE,1990,1989,"I",5.974457216,46.78,7.83,45.4,59.6,TRUE,2012,2011,"I",3.593642612,41.83,11.64,46.53,52.35,-2.380814604
"38","Guinea-Bissau",TRUE,0.00449469,-246.831,198.145,18.3779,0.00857644,43.1174,11.7141,0.844972,"Least Developed",0.00857644,38.0136106796265,47.5039904403687,"6",0.416758,681.254,"Africa","LI",1.66,0.35,0.36,0.67,0.09,0.01,0.06,1.53,-9.49037976074219,TRUE,1990,1993,"C",2.272126816,34.4,15.14,50.46,43.61,TRUE,2012,2010,"C",3.283815481,42,12.79,45.21,50.66,1.011688665
"39","Haiti",TRUE,0.0112273,60.9525,96.5635,12.9775,0.0303582,277.113,39.3053,4.55124,"Least Developed",0.0303582,53.9478750228882,54.4661730363634,"6",0.478859,749.129,"Latin America","LI",10.17,0.27,0.04,0.1,0.15,0.01,0.03,0.61,-0.518298013475203,TRUE,1990,2001,"I",5.639150943,47.82,8.48,43.69,59.48,TRUE,2012,2012,"I",6.453815261,48.21,7.47,44.31,60.79,0.814664318
"40","Honduras",TRUE,0.0113782,344.005,207.944,16.3328,0.00878591,67.4859,13.9856,0.669418,"Rest of World",0.00878591,52.3139411201477,50.9450539398193,"3B",0.607094,2269.51,"Latin America","LM",7.94,0.28,0.25,0.5,0.6,0,0.06,1.68,1.36888718032836,TRUE,1990,1990,"I",5.018763797,45.47,9.06,45.46,57.36,TRUE,2012,2012,"I",4.992349727,45.68,9.15,45.17,57.4,-0.0264140700000004
"41","Hungary",TRUE,0.01483,32.4767,133.445,16.0531,0.000981588,43.2507,11.9501,12.6983,"Rest of World",0.000981588,28.5117625865936,27.1619867115021,"5",0.823268,13964.2,"EU-27","HI",9.98,0.42,0.08,0.36,1.9,0.02,0.13,2.92,1.34977587509155,TRUE,1990,1989,"I",0.879625864,21.63,24.59,53.78,25.05,TRUE,2012,2012,"I",1.13144208,23.93,21.15,54.93,30.55,0.251816216
"42","India",TRUE,0.00837819,-104.863,91.4888,13.4614,0.0402188,397.777,41.2588,26.54163,"Rest of World",0.0402188,44.616774974823,43.5965397109985,"6",0.599959,1513.85,"Asia-Pacific","LM",1236.69,0.34,0.01,0.14,0.61,0.02,0.05,1.16,1.02023526382446,TRUE,1990,1993.5,"C",1.185759927,25.98,21.91,52.12,30.82,TRUE,2012,2011.5,"C",1.499749875,29.98,19.99,50.02,35.46,0.313989948
"43","Indonesia",TRUE,0.0127267,133.642,358.137,13.4128,0.0133083,119.371,4.88033,2.681185,"Rest of World",0.0133083,35.0009055309296,33.9144448619419,"6",0.678033,3688.53,"Asia-Pacific","LM",246.86,0.44,0.03,0.2,0.64,0.21,0.06,1.58,1.0864606689877,TRUE,1990,1990,"C",1.09348693,24.68,22.57,52.74,29.19,TRUE,2012,2010,"C",1.48628692,28.18,18.96,52.86,35.57,0.39279999
"44","Ireland",TRUE,0.0136207,240.657,275.621,16.1281,0.00303648,62.4461,70.6167,0.502826,"Most Developed",0.00303648,31.7514368019104,33.3923038419088,"5",0.909851,52853.6,"EU-27","HI",4.58,1.08,0.49,0.46,3.22,0.18,0.13,5.57,-1.64086703999837,TRUE,1990,2004,"I",1.341721188,26.66,19.87,53.45,33.72,TRUE,2012,2012,"I",1.253680079,25.55,20.38,54.05,32.52,-0.088041109
"45","Israel",TRUE,0.0102594,58.9943,59.9693,16.9427,0.00542272,626.077,17.1935,0.946373,"Rest of World",0.00542272,34.7937395477295,31.7186853504181,"6",0.89027,33718.9,"Middle East/Central Asia","HI",7.64,0.89,0.22,0.36,4.59,0.07,0.08,6.22,3.0750541973114,TRUE,1990,1992,"I",1.464344039,26.9,18.37,54.74,35.5,TRUE,2012,2010,"I",2.197470134,31.27,14.23,54.5,42.78,0.733126095
"46","Italy",TRUE,0.0190038,233.251,100.421,15.9712,0.011612,191.444,19.4433,6.52401,"Most Developed",0.011612,33.7261851291656,31.9918294734955,"6",0.871708,38412,"EU-27","HI",60.92,0.91,0.32,0.42,2.77,0.12,0.06,4.61,1.73435565567017,TRUE,1990,2004,"I",1.38716465,26.37,19.01,54.61,34.53,TRUE,2012,2012,"I",1.420853593,26.3,18.51,55.19,35.16,0.0336889429999998
"47","Kazakhstan",TRUE,0.00281375,-170.405,64.8956,14.2326,0.00106875,9.01583,1.55434,0.469213,"Rest of World",0.00106875,32.3087258033752,26.1842388124466,"3L",0.778122,11278,"Middle East/Central Asia","UM",16.27,0.58,0.19,0.12,4.59,0.03,0.03,5.55,6.12448699092865,TRUE,1990,1988,"I",0.871215352,20.43,23.45,56.1,25.74,TRUE,2012,2012,"C",0.971416197,22.43,23.09,54.47,27.43,0.100200845
"48","Kenya",TRUE,0.00400665,-198.048,89.1867,15.5193,0.00563707,86.8528,14.3311,0.462217,"Rest of World",0.00563707,45.7287353897095,48.3525917720795,"5",0.539314,1062.11,"Africa","LI",43.18,0.25,0.23,0.27,0.2,0.05,0.04,1.03,-2.62385638236999,TRUE,1990,1992,"C",4.734915925,47.87,10.11,42.02,57.46,TRUE,2012,2005.38,"C",2.912978245,38.83,13.33,47.83,48.51,-1.82193768
"49","Latvia",TRUE,0.00895253,107.196,212.67,15.6082,0.002223,20.3758,9.59477,0.709995,"Rest of World",0.002223,33.6067725582123,24.580098736763,"5",0.812857,13732,"EU-27","HI",2.06,2.28,0.09,2.02,1.66,0.11,0.13,6.29,9.02667382144928,TRUE,1990,1988,"I",0.738856016,18.73,25.35,55.9,22.49,TRUE,2012,2012,"I",1.43712898,26.63,18.53,54.84,35.48,0.698272964
"50","Lesotho",TRUE,0.00538113,76.6208,91.8175,14.6232,0.0153562,63.846,29.5166,0.6752708,"Least Developed",0.0153562,55.2366599416733,57.3811389656067,"3B",0.484408,1338.42,"Africa","LM",2.05,0.22,0.49,0.42,0.51,0,0.01,1.66,-2.14447902393341,TRUE,1990,1994.45,"C",8.336787565,48.27,5.79,45.95,63.24,TRUE,2012,2010,"C",4.245067497,40.88,9.63,49.49,54.18,-4.091720068
"51","Lithuania",TRUE,0.00958711,95.7936,192.096,15.6771,0.00373637,38.4481,10.4946,3.32405,"Rest of World",0.00373637,33.1524528331757,24.6174722900391,"5",0.832975,14373.7,"EU-27","UM",3.03,1.89,0.21,1.28,2.15,0.16,0.15,5.83,8.5349805431366,TRUE,1990,1988,"I",0.744213417,18.97,25.49,55.54,22.48,TRUE,2012,2012,"I",1.431466667,26.84,18.75,54.42,35.15,0.68725325
"52","Madagascar",TRUE,0.00433489,379.951,131.871,15.1793,0.00747067,35.0321,9.85734,0.2674177,"Least Developed",0.00747067,40.898504360199,36.8725508817037,"6",0.507135,456.327,"Africa","LI",22.29,0.27,0.34,0.24,0.07,0.02,0.06,0.99,4.02595347849528,TRUE,1990,1993.3,"C",2.435239974,37.04,15.21,47.74,45.26,TRUE,2012,2010,"C",1.932400932,33.16,17.16,49.67,40.63,-0.502839042
"53","Malawi",TRUE,0.00525974,90.9482,105.092,16.5459,0.00849615,104.88,5.19157,2.003828,"Least Developed",0.00849615,43.3590544548035,57.1572182655334,"5",0.432829,493.843,"Africa","LI",15.91,0.43,0.05,0.2,0.07,0.01,0.05,0.81,-13.79816381073,TRUE,1990,1997.83,"C",6.24898374,61.49,9.84,28.67,65.76,TRUE,2012,2010.23,"C",2.56352459,37.53,14.64,47.84,46.12,-3.68545915
"54","Malaysia",TRUE,0.0234106,37.8372,300.872,12.8747,0.0105603,81.4056,3.05187,2.494171,"Rest of World",0.0105603,40.8039910774231,41.0364751543318,"3B",0.77412,10252.6,"Asia-Pacific","UM",29.24,0.67,0.12,0.38,2.1,0.36,0.07,3.71,-0.232484076908662,TRUE,1990,1989,"I",2.59700428,36.41,14.02,49.56,46.17,TRUE,2012,2009,"I",2.620454545,34.59,13.2,52.21,46.26,0.0234502649999997
"55","Mali",TRUE,0.00104462,-104.906,39.6888,13.0783,0.0035976,30.9193,4.0271,0.2037961,"Rest of World",0.0035976,38.9294274730682,38.7009322874887,"6",0.414384,741.224,"Africa","LI",14.85,0.52,0.66,0.17,0.1,0.03,0.06,1.53,0.228495185579575,TRUE,1990,1994,"C",3.214626391,40.44,12.58,46.98,50.44,TRUE,2012,2009.89,"C",1.280798005,25.68,20.05,54.28,33.04,-1.933828386
"56","Mauritania",TRUE,0.000453491,-33.2716,20.8589,12.177,0.00132388,10.8968,1.44308,0.0069804,"Least Developed",0.00132388,35.6520012626648,41.7338408660889,"3B",0.497716,1524.39,"Africa","LM",3.8,0.39,1.2,0.21,0.55,0.15,0.04,2.54,-6.08183960342407,TRUE,1990,1993,"C",3.092430859,42.49,13.74,43.77,50.05,TRUE,2012,2008,"C",1.614136732,27.86,17.26,54.88,37.48,-1.478294127
"57","Mexico",TRUE,0.00665561,25.0778,173.693,15.8703,0.00338371,75.5484,11.2858,1.738976,"Rest of World",0.00338371,47.369667930603,47.1850106321062,"5",0.754167,10123.9,"Latin America","UM",120.85,0.55,0.24,0.25,1.74,0.06,0.05,2.89,0.184657298496795,TRUE,1990,1989,"I",4.052973978,43.61,10.76,45.64,54.34,TRUE,2012,2012,"I",3.091410559,39.23,12.69,48.09,49.36,-0.961563419
"58","Moldova",TRUE,0.00717676,-11.6087,145.977,11.978,0.00114972,77.6956,10.0095,9.49697,"Rest of World",0.00114972,39.8443481216431,26.460177230835,"5",0.683157,1971.03,"Other Europe","LM",3.51,0.43,0.08,0.15,1.03,0.06,0.03,1.78,13.3841708908081,TRUE,1990,1992,"I",1.36673774,25.64,18.76,55.6,34.32,TRUE,2012,2012,"C",1.063513514,23.61,22.2,54.2,29.16,-0.303224226
"59","Mongolia",TRUE,0.00101385,-107.467,88.8067,15.0103,0.000810514,3.76856,1.3944,0.001036308,"Rest of World",0.000810514,33.8565699825287,34.3222547912598,"3B",0.713926,3736.07,"Asia-Pacific","LM",2.8,0.29,3.47,0.17,2.09,0,0.05,6.08,-0.465684808731083,TRUE,1990,1995,"C",1.285935085,24.96,19.41,55.66,33.2,TRUE,2012,2012,"C",1.33622449,26.19,19.6,54.21,33.75,0.050289405
"60","Morocco",TRUE,0.00209847,-72.1964,47.8769,19.6958,0.00548547,127.643,4.18734,3.827406,"Rest of World",0.00548547,38.7379111461639,36.7105901813507,"5",0.623427,3149.43,"Africa","LM",32.52,0.6,0.17,0.14,0.67,0.06,0.03,1.68,2.02732096481323,TRUE,1990,1990.5,"C",1.791421857,30.49,17.02,52.48,39.2,TRUE,2012,2007,"C",1.942488263,33.1,17.04,49.86,40.72,0.151066406
"61","Namibia",TRUE,0.00160261,-99.5184,39.8663,19.0318,0.00040744,4.35131,1.92838,0.002324322,"Rest of World",0.00040744,63.8856232910156,65.1856472524007,"3L",0.619775,5880.8,"Africa","UM",2.26,0.33,0.23,0.17,1.02,0.72,0.02,2.48,-1.30002396138509,TRUE,1990,2003.67,"C",6.545997611,54.79,8.37,36.84,63.32,TRUE,2012,2009.54,"C",5.76,51.84,9,39.16,60.97,-0.785997611
"62","Nepal",TRUE,0.00314968,158.731,137.249,14.9011,0.101183,448.013,31.0744,6.076889,"Least Developed",0.101183,42.5255340042114,38.4810042572022,"6",0.539963,700.069,"Asia-Pacific","LI",27.47,0.43,0.07,0.21,0.16,0,0.11,0.98,4.04452974700927,TRUE,1990,1984.5,"I",1.135454545,24.98,22,53.02,30.06,TRUE,2012,2010.17,"C",1.28515625,26.32,20.48,53.2,32.75,0.149701705
"63","Netherlands",TRUE,0.064858,165.376,220.538,15.1038,0.00114647,259.288,119.473,2.730018,"Most Developed",0.00114647,24.8756521396637,25.288660326004,"6",0.920454,53589.9,"EU-27","HI",16.71,0.76,0.58,0.38,3.23,0.16,0.17,5.28,-0.413008186340331,TRUE,1990,2004,"I",1.127950897,23.89,21.18,54.93,30.74,TRUE,2012,2012,"I",0.989912281,22.57,22.8,54.62,27.99,-0.138038616
"64","Nicaragua",TRUE,0.00573134,-4.42962,209.49,18.0189,0.00552482,41.5379,18.21,1.103351,"Rest of World",0.00552482,50.8856396484375,52.1551655197144,"5",0.625457,1626.85,"Latin America","LM",5.99,0.34,0.12,0.42,0.45,0.03,0.05,1.39,-1.26952587127686,TRUE,1990,1993,"I",5.177022274,44.16,8.53,47.3,57.36,TRUE,2012,2009,"I",2.531654676,35.19,13.9,50.91,45.73,-2.645367598
"65","Niger",TRUE,0.000732651,-97.0926,28.6734,13.8813,0.00269347,45.3253,4.38719,3.280988,"Least Developed",0.00269347,43.0709638252258,40.7792288541794,"5",0.342293,410.914,"Africa","LI",17.16,0.67,0.48,0.26,0.1,0.02,0.03,1.56,2.29173497104645,TRUE,1990,1992.85,"C",1.535732916,29.44,19.17,51.39,36.1,TRUE,2012,2011,"C",1.223611111,26.43,21.6,51.96,31.45,-0.312121805
"66","Nigeria",TRUE,0.00653831,-271.444,108.724,15.2029,0.0137553,147.405,13.614,9.61196,"Rest of World",0.0137553,44.8650520744324,42.2415377349854,"5",0.504699,2612.12,"Africa","LM",168.83,0.53,0.1,0.19,0.21,0.08,0.05,1.16,2.62351433944702,TRUE,1990,1992,"C",2.42912471,31.36,12.91,55.73,44.98,TRUE,2012,2009.83,"C",2.170424403,32.73,15.08,52.2,42.97,-0.258700307
"67","Norway",TRUE,0.00298342,-118.489,162.271,13.1634,0.00349393,13.2476,2.33394,0.02290886,"Most Developed",0.00349393,24.2438506679535,23.5253830337524,"4",0.942293,100172,"Other Europe","HI",4.99,NA,NA,NA,NA,NA,NA,4.98,0.718467634201051,TRUE,1990,2004,"I",1.237141557,27.18,21.97,50.85,31.72,TRUE,2012,2012,"I",0.880741677,20.9,23.73,55.38,25.9,-0.35639988
"68","Pakistan",TRUE,0.00340114,-114.452,51.2376,13.7735,0.0137033,150.545,24.3397,6.511828,"Rest of World",0.0137033,31.0835819396973,33.0313302154541,"6",0.532065,1218.6,"Asia-Pacific","LM",179.16,0.27,0.01,0.08,0.38,0.02,0.03,0.79,-1.94774827575684,TRUE,1990,1990.5,"C",1.330383481,27.06,20.34,52.6,33.25,TRUE,2012,2010.5,"C",1.12516469,25.62,22.77,51.62,29.59,-0.205218791
"69","Panama",TRUE,0.0125102,-136.918,255.083,16.2438,0.00781488,43.1598,13.7182,0.4553468,"Rest of World",0.00781488,49.953422454834,49.2333795547485,"3B",0.77245,8410.77,"Latin America","UM",3.8,0.36,0.4,0.19,1.44,0.37,0.02,2.79,0.720042900085446,TRUE,1990,1991,"I",5.987323944,42.51,7.1,50.38,58.19,TRUE,2012,2012,"I",3.6456621,39.92,10.95,49.12,51.9,-2.341661844
"70","Papua New Guinea",TRUE,0.00760021,587.492,339.754,11.0318,0.00464401,13.7745,0.684052,0.0148474,"Rest of World",0.00464401,49.055682964325,40.0481484985352,"3B",0.500658,1871.21,"Asia-Pacific","LM",7.17,0.3,0.05,0.36,0.35,0.73,0.13,1.91,9.0075344657898,TRUE,1990,1996,"C",4.582207207,40.69,8.88,50.43,55.43,TRUE,2012,2009.67,"C",2.290119131,32.68,14.27,53.05,43.88,-2.292088076
"71","Paraguay",TRUE,0.00427607,43.0438,151.813,13.5631,0.0022665,15.3366,16.2678,1.504543,"Rest of World",0.0022665,49.9488087120056,43.7262034797668,"3B",0.669333,3557.31,"Latin America","LM",6.69,1.11,1.1,0.83,0.97,0.01,0.14,4.16,6.22260523223877,TRUE,1990,1990,"I",1.918278228,30.75,16.03,53.23,40.84,TRUE,2012,2012,"I",2.951104101,37.42,12.68,49.91,48.17,1.032825873
"72","Peru",TRUE,0.00421213,452.824,233.912,15.6687,0.00255238,21.2417,3.54995,0.0469367,"Rest of World",0.00255238,52.7949374275208,52.0564847259521,"6",0.728052,5684.73,"Latin America","UM",29.99,0.5,0.51,0.19,0.67,0.33,0.07,2.28,0.738452701568605,TRUE,1990,1994,"C",2.325630252,33.21,14.28,52.51,44.02,TRUE,2012,2012,"I",2.484536082,33.74,13.58,52.66,45.11,0.15890583
"73","Philippines",TRUE,0.012768,84.7253,186.969,15.8165,0.0284946,273.038,12.2013,9.16006,"Rest of World",0.0284946,43.5216901931763,41.1853708534241,"5",0.657463,2379.44,"Asia-Pacific","LM",96.71,0.36,0.03,0.09,0.34,0.23,0.05,1.1,2.33631933975219,TRUE,1990,1991,"C",2.282894737,34.7,15.2,50.11,43.82,TRUE,2012,2012,"C",2.173064411,33.4,15.37,51.22,43.04,-0.109830326
"74","Poland",TRUE,0.0202637,71.2311,155.669,17.0606,0.00512864,112.718,20.6461,5.472292,"Most Developed",0.00512864,29.7622918300629,26.5599825611115,"6",0.837545,13769.5,"EU-27","HI",38.21,0.84,0.04,0.78,2.64,0.05,0.09,4.44,3.20230926895142,TRUE,1990,1989,"I",0.936686904,21.6,23.06,55.34,26.89,TRUE,2012,2012,"I",1.287239451,25.32,19.67,55.02,33.08,0.350552547
"75","Portugal",TRUE,0.0166172,290.387,135.557,15.8219,0.00663192,87.4482,16.6071,2.62604,"Most Developed",0.00663192,36.0884688663483,31.8555632209778,"5",0.826513,23217.3,"EU-27","HI",10.6,1.03,0.25,0.09,2.15,0.31,0.05,3.88,4.23290564537048,TRUE,1990,2004,"I",1.754126352,30.82,17.57,51.6,38.9,TRUE,2012,2012,"I",1.495422725,27.77,18.57,53.65,36.04,-0.258703627
"76","Romania",TRUE,0.0109615,114.81,119.093,16.9767,0.0271236,77.935,13.7193,11.31888,"Rest of World",0.000866851,29.2676646099091,23.4899600546701,"5",0.787848,9213.94,"EU-27","UM",21.76,0.72,0.05,0.33,1.46,0.03,0.12,2.71,5.777704555239,TRUE,1990,1989,"I",0.770866774,19.21,24.92,55.87,23.31,TRUE,2012,2012,"I",1.37599094,24.3,17.66,58.03,34.88,0.605124166
"77","Russian Federation",TRUE,0.00238338,-18.4171,195.408,13.4769,0.000866851,6.86104,0.976527,0.567995,"Rest of World",0.067155,38.4486959457397,30.7429873256683,"6",0.794929,13320.2,"Other Europe","UM",143.17,0.77,0.15,0.67,3.87,0.19,0.03,5.69,7.70570862007141,TRUE,1990,1988,"I",0.790329134,19.45,24.61,55.94,23.8,TRUE,2012,2012,"C",2.016270338,32.22,15.98,51.81,41.59,1.225941204
"78","Rwanda",TRUE,0.00837092,74.8665,241.032,14.7628,0.067155,462.196,29.4501,17.90536,"Least Developed",0.00462042,46.2851718482971,31.4768767662048,"5",0.47556,628.084,"Africa","LI",11.46,0.43,0.05,0.25,0.07,0.01,0.05,0.87,14.8082950820923,TRUE,1990,1984.5,"C",1.079016681,24.58,22.78,52.63,28.9,TRUE,2012,2010.83,"C",3.308955224,44.34,13.4,42.26,51.34,2.229938543
"79","Senegal",TRUE,0.00294099,-135.222,59.5496,17.2165,0.00462042,54.9148,10.9941,2.4642498,"Least Developed",0.0178294,38.2163565998077,42.2803240623474,"5",0.460561,1079.27,"Africa","LM",13.73,0.34,0.21,0.21,0.3,0.12,0.02,1.21,-4.06396746253967,TRUE,1990,1991.25,"C",4.089780325,42.82,10.47,46.71,54.14,TRUE,2012,2011.29,"C",1.89213894,31.05,16.41,52.54,40.28,-2.197641385
"80","Sierra Leone",TRUE,0.00861365,-197.35,178.441,13.7656,0.0178294,68.3845,2.97706,1.012928,"Least Developed",0.0254649,46.1934790649414,57.3091586794172,"6",0.39686,499.891,"Africa","LI",5.98,0.47,0.11,0.38,0.07,0.15,0.05,1.24,-11.1156796144758,TRUE,1990,2003.25,"C",1.879107981,32.02,17.04,50.94,40.17,TRUE,2012,2011,"C",1.354156171,26.88,19.85,53.28,33.99,-0.52495181
"81","Slovenia",TRUE,0.0182335,187.361,106.65,19.6,0.0254649,180.233,18.2309,0.506728,"Most Developed",0.00112252,22.7506730804443,20.7921391752031,"6",0.877625,25040.5,"EU-27","HI",2.07,0.64,0.17,0.65,4.27,0.05,0.04,5.81,1.95853390524123,TRUE,1990,1993,"I",1.085106383,24.48,22.56,52.97,29.18,TRUE,2012,2012,"I",0.87755102,21.07,24.01,54.91,25.59,-0.207555363
"82","South Africa",TRUE,0.00975207,28.3695,68.6891,15.7961,0.00350247,78.2866,7.37034,1.282635,"Rest of World",0.00623874,57.0207821884155,55.3043547821045,"5",0.658977,8089.87,"Africa","UM",52.39,0.44,0.11,0.29,2.34,0.08,0.04,3.31,1.71642740631103,TRUE,1990,1993,"C",5.690243902,46.66,8.2,45.14,59.33,TRUE,2012,2011,"C",7.139275766,51.26,7.18,41.55,63.38,1.449031864
"83","Spain",TRUE,0.0155484,12.9408,104.405,17.5574,0.00481247,83.6411,17.4817,7.29387,"Most Developed",0.00198575,33.4784567317963,30.4905214672089,"6",0.873709,32008.7,"EU-27","HI",46.76,0.78,0.15,0.17,2.22,0.32,0.04,3.67,2.9879352645874,TRUE,1990,2004,"I",1.286601138,24.87,19.33,55.81,33.38,TRUE,2012,2012,"I",1.463276836,25.9,17.7,56.41,35.89,0.176675698
"84","Sri Lanka",TRUE,0.00946143,-210.863,121.526,17.8629,0.0297833,333.255,11.6248,5.38396,"Rest of World",0.00159213,36.2043966808319,34.1672635231018,"6",0.748641,2880.03,"Asia-Pacific","LM",21.1,0.31,0.01,0.16,0.52,0.27,0.05,1.32,2.0371331577301,TRUE,1990,1990.5,"C",1.291823308,27.49,21.28,51.22,32.45,TRUE,2012,2012.5,"C",1.740558292,31.8,18.27,49.92,38.58,0.448734984
"85","Swaziland",TRUE,0.0210405,460.33,149.637,14.1309,0.00603582,44.2491,22.5425,0.5139695,"Rest of World",0.0429749,50.1655699882507,58.1802875518799,"3L",0.528936,4657.48,"Africa","LM",1.23,0.35,0.41,0.52,0.67,0.01,0.06,2.01,-8.01471756362915,TRUE,1990,1994.83,"C",5.903456496,49.53,8.39,42.07,60.45,TRUE,2012,2009.25,"C",3.464471404,39.98,11.54,48.47,51.45,-2.438985092
"86","Sweden",TRUE,0.00443191,41.2191,331.38,16.2365,0.00324165,18.9199,2.4854,0.2829678,"Most Developed",0.00379694,23.0627388324738,20.5697879085541,"5",0.903746,59381.9,"EU-27","HI",9.51,1.47,0.27,1.3,3.88,0.09,0.24,7.25,2.49295092391968,TRUE,1990,2004,"I",0.901066098,21.13,23.45,55.41,26.43,TRUE,2012,2012,"I",0.934782609,21.5,23,55.5,27.32,0.0337165109999999
"87","Switzerland",TRUE,0.0129191,112.317,127.764,14.5462,0.0429749,400.054,29.965,0.444324,"Most Developed",0.0141193,27.5437396907806,29.8200389575958,"6",0.92696,88506.2,"Other Europe","HI",8,0.75,0.22,0.38,4.26,0.07,0.12,5.79,-2.27629926681519,TRUE,1990,2007,"I",1.385610766,26.77,19.32,53.93,34.47,TRUE,2012,2012,"I",1.204042348,25.02,20.78,54.19,31.64,-0.181568418
"88","Tajikistan",TRUE,0.00191322,-143.221,40.8126,14.1023,0.0141193,71.3265,6.84584,0.2163349,"Rest of World",0.0148479,37.1807772960663,28.0932576255798,"5",0.617036,836.173,"Middle East/Central Asia","LI",8.01,0.46,0.14,0.1,0.13,0,0.08,0.91,9.08751967048645,TRUE,1990,1999,"C",1.072084481,23.35,21.78,54.87,29.54,TRUE,2012,2009,"C",1.144686907,24.13,21.08,54.78,30.77,0.072602426
"89","Thailand",TRUE,0.0125451,-78.9746,118.893,14.2944,0.0148479,121.532,10.0082,11.915098,"Rest of World",0.0148364,39.9981237945557,42.6318493461609,"6",0.723498,5479.29,"Asia-Pacific","UM",66.78,0.67,0.02,0.24,1.54,0.13,0.07,2.66,-2.63372555160523,TRUE,1990,1990,"C",2.420772304,36.36,15.02,48.63,45.26,TRUE,2012,2012,"C",1.780573435,30.43,17.09,52.48,39.26,-0.640198869
"90","Tunisia",TRUE,0.0018389,-76.5821,47.0102,14.1506,0.00141478,132.45,5.49069,3.75907,"Rest of World",0.000446593,38.0487779426575,38.2535171718597,"5",0.71864,4305.07,"Africa","UM",10.88,0.76,0.09,0.28,1.11,0.06,0.04,2.34,-0.204739229202268,TRUE,1990,1990,"C",1.885135135,30.69,16.28,53.04,40.24,TRUE,2012,2010.4,"C",1.474631751,27.03,18.33,54.65,35.81,-0.410503384
"91","Turkey",TRUE,0.00651453,-103.542,87.0356,12.9623,0.00661675,113.498,10.7404,4.57694,"Rest of World",0.0195048,41.6452124404907,42.9048749584622,"5",0.75628,10437.7,"Middle East/Central Asia","UM",74,0.87,0.12,0.34,1.92,0.04,0.04,3.33,-1.25966251797146,TRUE,1990,1987,"C",2.236155315,35.13,15.71,49.16,43.48,TRUE,2012,2012,"C",1.866585067,30.5,16.34,53.17,40.17,-0.369570248
"92","Turkmenistan",TRUE,0.0018817,-197.526,27.6236,14.2342,0.000446593,4.67194,4.09562,0.1729367,"Rest of World",0.0037216,39.6755544147491,26.6870985469818,"6",0.677043,5290.14,"Middle East/Central Asia","LM",5.17,0.73,0.44,0.08,4.13,0.01,0.09,5.47,12.9884558677673,TRUE,1990,1988,"I",0.919320594,21.65,23.55,54.82,26.39,TRUE,2012,1998,"C",1.947820749,31.73,16.29,51.99,40.77,1.028500155
"93","Uganda",TRUE,0.00757447,-29.5507,124.774,16.1657,0.0195048,149.708,19.647,5.37094,"Least Developed",0.066774,39.4074286899567,38.3074300874983,"6",0.476009,601.354,"Africa","LI",36.35,0.34,0.15,0.54,0.08,0.11,0.04,1.24,1.09999860245841,TRUE,1990,1989,"C",2.369901547,33.7,14.22,52.07,44.36,TRUE,2012,2012.45,"C",2.099071207,33.9,16.15,49.95,42.37,-0.27083034
"94","Ukraine",TRUE,0.0100209,23.608,150.268,13.345,0.0037216,70.29,9.00345,9.42408,"Rest of World",0.006529,31.2116178531647,25.4910739555359,"5",0.743114,3589.63,"Other Europe","LM",45.53,0.62,0.01,0.16,1.92,0.06,0.07,2.84,5.72054389762878,TRUE,1990,1992,"I",1.084137931,23.58,21.75,54.66,29.71,TRUE,2012,2012,"C",0.846718304,20.77,24.53,54.69,24.74,-0.237419627
"95","United Kingdom",TRUE,0.0292619,176.893,224.818,13.9257,0.006529,251.222,37.936,2.879923,"Most Developed",0.00256152,34.2432695236206,32.8706978778839,"6",0.90139,40980.5,"EU-27","HI",63.03,0.82,0.28,0.45,3.14,0.08,0.18,4.94,1.37257164573669,TRUE,1990,2004,"I",1.51827605,27.83,18.33,53.85,36.22,TRUE,2012,2012,"I",1.245454545,24.66,19.8,55.55,32.57,-0.272821505
"96","Uruguay",TRUE,0.00744663,169.665,187.102,13.8909,0.00256152,17.6328,47.2213,0.368971,"Rest of World",0.00166906,40.7988664779663,39.8517177886963,"3B",0.787632,14238.1,"Latin America","UM",3.4,0.19,0.98,0.55,0.98,0.05,0.17,2.91,0.947148689270016,TRUE,1990,1989,"I",2.112057667,32.23,15.26,52.51,42.37,TRUE,2012,2013,"I",2.049668874,30.95,15.1,53.95,41.87,-0.0623887930000002
"97","Uzbekistan",TRUE,0.00307691,-159.072,33.4194,13.914,0.004934,47.7125,10.8719,0.834564,"Rest of World",0.0330221,34.1164374542236,27.275476600647,"6",0.66754,1560.85,"Middle East/Central Asia","LM",28.54,0.62,0.13,0.08,1.41,0,0.08,2.32,6.84096085357666,TRUE,1990,1988,"I",0.854858549,20.85,24.39,54.78,24.95,TRUE,2012,2003,"C",1.457304527,28.33,19.44,52.22,35.27,0.602445978
"98","Zambia",TRUE,0.004639,251.768,187.683,17.8734,0.0038173,19.0587,2.46885,0.0420277,"Least Developed",NA,48.686012966156,49.9847726135254,"6",0.575617,1740.64,"Africa","LM",14.08,0.19,0.18,0.33,0.24,0.01,0.04,0.99,-1.29875964736939,TRUE,1990,1991,"C",8.130681818,42.93,5.28,51.8,60.51,TRUE,2012,2010,"C",4.279091769,45.23,10.57,44.2,55.62,-3.851590049
